"","1","2","3","4","5","6","7","8","9","10","11","12","13","14","15","16","17","18","19","20","21","22","23","24","25","26","27","28","29","30","31","32","33","34","35","36","37","38","39","40","41","42","43","44","45","46","47","48","49","50","51","52","53","54","55","56","57","58","59","60","61","62","63","64","65","66","67","68","69","70","71","72","73","74","75","76","77","78","79","80","81","82","83","84","85","86","87","88","89","90","91","92","93","94","95","96","97","98","99","100"
"1",443,526,759,869,975,402,1192,1173,667,1010,456,1043,957,457,860,623,812,984,639,691,513,1157,989,999,1173,1175,457,665,443,624,733,553,615,1158,923,439,481,856,508,511,658,772,659,1040,424,1078,529,500,1194,1074,496,829,1131,1138,971,560,434,758,825,1106,1083,770,589,877,1053,1084,592,414,678,1064,1031,927,445,1024,945,1194,547,890,437,964,1024,462,753,788,1046,847,449,538,744,832,666,541,674,947,695,522,829,894,615,955
"2",612,1157,1089,936,731,912,680,457,719,1109,1194,915,1024,526,482,713,1047,982,1154,755,1107,751,713,1105,904,613,736,604,1190,408,916,865,1010,464,1124,896,484,413,916,454,692,706,1093,545,560,1096,1058,1054,604,1113,552,1054,464,693,687,775,1175,959,470,971,454,466,665,489,828,821,960,512,521,1175,1093,448,782,475,768,638,704,607,1009,911,742,848,861,756,477,1062,582,1169,654,1151,999,1056,1120,743,439,1004,1022,894,659,1052
"3",795,689,1096,1020,974,750,407,579,876,843,651,495,1183,880,1098,614,451,826,586,787,435,483,622,993,932,612,441,427,897,604,697,820,951,972,1173,793,751,1132,502,600,1070,1029,637,932,648,842,996,873,1088,422,948,474,531,1133,1119,651,1132,852,459,639,571,708,1158,664,603,654,450,1063,1160,501,1156,774,948,706,752,938,572,580,1147,704,1113,526,523,891,886,562,678,887,905,401,1138,1067,1148,1019,744,1046,1041,973,722,550
"4",954,1102,1125,750,1103,643,680,1047,1095,1159,985,514,492,483,435,447,546,1069,800,1065,745,856,1181,928,745,1177,593,715,738,908,804,686,783,556,942,474,1038,1139,424,560,653,937,460,1181,1147,888,440,582,653,515,915,927,418,441,467,623,743,1128,1157,584,407,1127,798,953,1043,972,894,1158,1021,1167,1054,1102,595,657,446,778,633,1064,1094,599,947,1079,929,765,847,809,660,1080,1152,585,1037,652,700,473,604,678,733,788,1020,1014
"5",1139,634,879,914,530,731,1117,958,1165,763,499,1092,906,454,1095,999,966,828,1171,884,672,661,464,845,916,411,852,696,709,751,529,535,483,789,1090,1130,696,1132,1061,494,843,817,1167,1106,883,1025,417,721,511,1086,904,650,403,701,881,1163,995,1198,438,1132,509,893,1008,1117,714,670,911,997,932,1164,533,462,708,1006,598,725,550,1017,506,421,760,899,1115,663,1032,529,481,483,857,817,714,992,724,1179,1038,867,773,513,731,406
"6",944,475,807,1098,678,891,754,946,858,741,951,413,783,470,632,933,670,519,718,1119,836,1011,645,1100,544,1126,971,605,773,583,1112,859,473,838,490,1118,572,1132,872,552,849,420,1042,1043,577,1160,908,928,938,598,417,759,706,716,706,1199,604,1063,830,562,667,821,969,1122,1131,574,694,834,922,597,901,505,602,941,1190,460,488,860,749,764,1137,684,792,1032,1105,770,1060,1007,757,614,680,1012,1035,969,594,1125,538,1187,915,721
"7",469,554,665,1092,663,713,736,940,606,880,1007,599,698,1033,672,1037,1035,461,632,1003,750,620,682,558,744,498,1004,764,1013,775,945,677,698,547,833,423,787,565,642,403,936,427,522,558,441,778,406,724,902,547,1095,823,808,483,950,967,628,1155,926,788,751,647,955,713,492,1169,747,476,608,788,489,824,594,716,935,680,892,558,963,1169,820,627,556,1091,601,1132,453,936,1012,1143,871,1190,413,1053,1195,945,450,619,1003,668
"8",455,487,580,896,1142,496,965,478,990,458,1053,414,473,1089,668,751,906,638,652,976,783,1120,698,1185,646,609,1004,669,674,621,738,725,1053,428,1041,915,935,423,799,1098,498,567,723,505,1042,1099,529,554,905,556,710,1001,535,422,852,1189,1171,915,506,551,1106,1167,1137,604,461,1158,460,1194,855,421,699,1152,575,1101,858,1026,633,850,990,1143,1067,852,1145,528,1011,675,792,499,1169,417,674,502,481,1052,578,517,751,948,461,413
"9",1130,882,1158,458,952,818,1008,982,563,904,940,673,689,495,892,1001,942,565,1050,515,1081,524,758,491,483,769,775,1085,918,909,1169,1015,507,642,714,1131,1060,1121,877,641,646,464,1004,518,939,1018,1021,623,864,1142,656,964,803,1139,504,640,705,699,816,409,752,992,588,960,413,918,904,579,906,839,1193,993,1158,456,957,539,1058,1008,696,741,1188,830,583,796,577,988,668,1031,1056,1105,1032,1103,558,911,709,775,822,565,913,1113
"10",529,777,761,1099,828,670,588,804,751,561,763,691,584,865,472,1121,1177,510,838,446,486,409,411,494,919,1197,567,894,783,482,727,539,671,431,991,496,1163,489,1078,419,1138,804,849,674,897,869,515,723,489,490,1083,671,564,985,1072,709,762,1175,602,866,1045,619,692,923,1200,1083,1200,1068,735,1052,854,717,895,650,821,883,1177,651,887,1090,972,979,880,1167,912,561,428,1139,960,457,700,781,869,422,764,1143,882,539,1046,1149
"11",784,1087,906,944,968,1068,842,422,1096,986,1011,436,664,626,784,421,760,718,435,1058,1052,962,1052,640,492,1020,1030,1112,461,433,664,920,1088,1112,667,477,635,797,828,499,730,616,485,1039,673,445,758,580,415,979,581,1111,739,1101,536,470,432,1064,864,647,1015,638,441,872,633,1070,867,713,675,1082,597,892,724,870,528,782,1103,757,897,488,527,1018,1046,902,586,1040,954,1089,720,475,1057,979,490,1140,798,1038,876,415,510,1087
"12",614,444,703,951,493,950,1074,873,822,445,858,1186,1181,804,956,856,1085,1158,963,439,1160,932,551,663,928,1043,441,499,629,1142,938,1167,400,869,705,1002,840,746,1004,953,641,610,941,664,838,611,800,600,586,462,827,808,943,1029,852,471,790,903,746,1157,730,702,529,464,1022,1162,1196,934,1062,1193,1033,1046,890,706,1062,474,768,651,1173,522,427,601,711,1058,1031,692,1092,426,513,994,409,953,739,536,415,641,622,1006,1058,1083
"13",594,1025,468,648,957,1104,560,815,489,1074,862,712,871,892,1098,1022,1192,540,644,841,868,961,496,776,461,790,955,906,494,919,466,1193,801,537,704,951,918,1107,490,426,1169,1061,729,1026,511,401,671,796,791,1019,403,867,1023,905,1187,1163,508,442,940,880,975,436,489,938,551,1124,556,951,1118,723,916,872,622,1118,424,921,723,628,1147,705,597,1079,946,553,768,1114,498,764,1046,791,919,663,744,1166,984,437,726,474,696,781
"14",905,469,1009,662,763,1142,948,568,1104,402,445,520,1058,545,668,519,893,659,810,496,1104,456,585,832,1151,681,720,597,1081,1100,464,997,1190,657,711,936,1145,936,1120,713,803,575,414,675,642,1184,625,1089,583,926,660,524,1036,833,764,685,909,785,1033,835,633,638,601,797,778,781,728,902,711,449,425,994,536,1136,1033,1120,1118,800,535,912,959,783,656,1180,1137,1045,1058,619,465,692,731,1036,1127,686,1097,1080,630,592,976,988
"15",590,728,913,964,567,1055,865,582,1162,537,1180,626,619,590,1091,1133,1145,781,440,1083,1057,711,774,594,601,1032,510,1171,1108,594,431,537,430,589,696,470,456,418,815,908,687,693,901,492,836,1173,429,1041,833,411,523,750,886,1128,781,602,724,1035,904,403,942,543,1016,850,530,879,1132,989,816,1154,478,1104,476,1037,712,784,784,561,1071,447,417,449,654,1053,582,1114,680,930,1085,676,452,1179,424,599,618,943,1199,1051,916,634
"16",654,515,777,832,1058,831,924,1127,857,931,792,523,690,1087,1190,491,891,867,679,807,575,729,656,1070,721,1023,696,926,549,859,642,1010,715,511,819,781,626,528,882,768,1000,667,453,862,945,804,1090,493,504,596,822,1001,440,945,715,721,874,773,1100,1199,561,574,1037,730,473,906,767,1098,1054,895,743,1038,992,834,414,966,751,710,732,1046,1010,918,885,867,677,731,1093,1180,453,880,590,606,557,1068,667,980,508,759,587,824
"17",891,1101,937,965,403,458,1079,637,854,1198,1146,1097,545,821,586,778,678,889,1181,1164,998,926,964,563,838,1034,1018,734,1143,425,547,660,412,634,1167,739,1092,965,828,795,917,792,929,1070,934,766,772,890,590,928,579,845,1101,926,1044,1190,1039,839,1153,848,519,1056,499,730,520,436,525,1081,723,426,703,814,989,1069,843,828,1062,1182,996,1153,448,641,553,406,1074,1051,1068,784,1069,918,660,690,733,1081,451,624,633,515,619,478
"18",714,719,834,1101,835,470,789,487,815,732,490,570,531,799,743,988,969,605,803,1170,783,953,952,1106,400,965,724,1077,633,751,1074,426,1087,1131,1029,947,1066,495,677,821,718,924,915,715,1050,867,586,1111,1116,497,473,1032,1200,959,676,876,1009,813,919,1190,908,1106,609,760,1107,802,1164,964,437,411,1013,1179,853,457,951,1009,518,453,503,565,592,446,648,834,572,456,524,910,826,1085,405,489,732,676,531,787,444,602,430,1040
"19",818,853,429,659,983,1104,714,748,799,515,1164,647,1036,1055,1045,1017,584,679,878,566,1061,934,939,979,641,848,511,718,679,569,990,795,558,1105,1075,1109,408,1069,528,524,1162,554,605,1176,728,551,506,1176,768,521,554,461,581,740,1108,722,847,541,1053,1071,402,1140,591,554,1140,1103,1089,640,927,583,483,416,565,892,901,845,1187,933,452,721,1158,794,966,600,977,915,535,686,1133,437,888,888,611,456,896,1033,452,1174,687,632
"20",880,723,831,798,479,498,1132,680,603,902,439,997,596,586,1109,892,956,1147,450,1190,510,789,612,430,1075,902,875,717,952,1175,1108,1097,710,601,877,1091,642,657,1037,1044,504,1020,711,409,894,513,1108,546,929,525,606,429,957,1141,881,1142,936,890,986,841,784,416,1171,1050,1105,847,595,987,406,1085,868,1169,471,1168,887,1167,516,815,946,419,811,912,738,766,648,1086,1046,405,496,710,1019,600,557,841,886,1117,1186,758,1176,511
"21",539,968,1086,830,507,1143,786,452,907,797,1169,1112,1158,1008,532,699,870,889,889,401,862,834,504,609,606,414,473,938,617,1175,590,732,594,771,971,520,1088,568,535,1169,417,627,1079,661,605,607,910,433,775,1118,424,1092,1079,670,689,1121,1003,473,862,1043,1009,950,681,913,1099,406,543,691,1030,606,1035,1111,1075,1186,697,1000,1121,867,589,728,555,521,507,1102,522,796,1182,705,824,404,482,478,820,400,1149,505,896,816,1190,1139
"22",652,1133,784,757,482,840,712,776,851,1119,1072,571,655,959,617,887,964,852,523,989,704,728,790,1093,797,926,410,757,620,774,750,828,428,1198,600,433,1150,917,1015,551,465,944,560,1115,701,906,720,1025,490,431,821,684,629,1065,1083,529,491,783,528,1164,1047,699,724,414,609,1148,646,1052,1166,633,567,1159,545,1149,940,935,1157,527,479,697,675,1067,1011,1136,1092,1040,808,902,846,770,784,626,866,530,438,742,729,438,712,703
"23",460,745,811,777,973,1081,1093,920,1002,511,859,1062,851,457,604,724,781,1006,1100,1016,853,440,637,567,524,529,1022,519,821,1070,645,488,529,688,611,656,826,445,455,467,1158,790,491,699,895,800,674,1158,410,1103,728,425,442,990,622,520,1118,742,815,746,1019,742,456,411,711,632,770,493,646,719,1019,771,1051,691,870,629,691,814,435,1137,896,733,683,429,933,511,627,1163,424,478,826,966,848,942,1111,675,1025,567,1147,1068
"24",1083,890,695,442,572,753,773,765,1030,969,904,921,400,635,630,565,1184,900,505,408,704,583,829,528,835,1017,939,825,784,909,1133,664,635,493,1135,647,1129,1137,845,940,850,829,1050,594,840,656,770,696,908,928,953,710,969,1179,620,910,446,567,633,539,821,824,998,707,791,1002,714,438,869,773,709,1123,485,617,840,407,569,571,476,420,983,800,526,615,413,776,781,782,1191,919,1089,949,1048,1085,1177,526,1068,504,1147,851
"25",1025,984,1021,649,1056,983,781,1115,760,1156,773,761,996,1057,770,926,559,940,434,572,481,730,461,1090,501,1122,1024,572,898,1032,1066,1189,529,962,1064,1019,461,647,780,753,443,824,651,864,600,1032,799,643,1149,644,570,617,517,971,1188,919,568,616,937,580,587,879,592,1065,615,851,711,420,682,464,799,701,741,1157,579,1095,894,865,1168,653,856,621,603,628,499,646,890,813,823,859,415,926,1155,1132,449,969,643,969,600,487
"26",1135,766,694,710,662,1069,824,1077,464,488,461,665,562,443,897,694,898,741,467,1032,490,901,876,1157,794,662,685,1087,854,904,557,777,638,692,521,727,487,498,600,506,762,967,667,819,606,692,417,713,1023,812,698,992,940,421,695,1135,759,424,963,533,1175,1045,515,435,941,517,576,1119,1145,943,502,993,763,473,1199,1135,449,863,447,871,626,596,462,1020,867,725,1058,758,635,583,421,480,479,1187,654,785,563,1169,659,1049
"27",819,786,889,507,806,912,437,621,873,856,461,542,1056,1130,762,986,862,962,855,1055,465,847,473,719,1036,633,985,993,1046,655,904,859,585,993,1147,802,472,680,575,476,986,1018,1151,1008,910,918,1018,1038,650,755,510,792,867,914,609,1076,994,956,886,799,920,761,1009,443,450,933,767,796,569,917,916,586,642,596,1112,562,587,442,476,594,796,826,1040,557,900,515,438,882,879,1169,598,404,839,1088,876,926,636,987,643,1102
"28",875,983,656,483,692,456,506,759,1154,1191,1140,840,1125,962,1162,716,1161,535,931,762,990,446,449,1076,570,754,1123,927,509,657,515,463,1049,804,866,885,573,916,848,443,1097,1108,1156,906,768,1133,811,1082,564,1114,495,514,863,429,897,1162,699,1054,732,724,1058,1095,969,561,1029,535,942,1170,751,553,419,1088,1022,730,981,737,470,1182,796,690,444,621,813,414,777,1024,930,1126,996,1085,661,720,1192,780,748,977,953,572,864,1102
"29",912,437,781,400,1093,773,661,403,660,602,1039,978,530,532,694,809,729,1170,824,402,679,484,1065,952,758,437,1053,469,987,406,545,1178,438,887,731,454,456,739,703,534,1016,1109,621,940,989,743,1080,1039,894,750,403,911,684,837,918,472,508,561,997,887,431,756,722,1144,646,1165,1118,845,790,517,749,600,1050,940,1121,508,801,498,445,491,540,519,659,1185,431,922,1122,893,815,595,842,537,1137,868,414,476,990,482,1122,730
"30",521,825,477,602,947,444,641,483,433,733,1173,1114,877,915,869,1098,588,1141,668,641,765,605,1015,832,535,405,1134,684,430,563,784,949,491,854,655,1070,507,521,929,440,1113,1059,864,796,420,878,537,807,951,585,1135,1055,824,1002,1101,480,835,952,842,864,473,1032,994,1061,613,511,739,442,484,435,994,1157,955,400,889,564,961,1074,865,412,913,758,758,895,1094,845,1119,928,1094,445,502,426,986,409,452,982,1078,428,686,784
"31",1035,435,462,421,806,772,680,709,698,1052,1005,712,613,684,1040,662,986,990,916,607,1089,948,1184,673,900,867,1069,1180,763,917,845,570,1088,665,1098,813,761,783,430,637,761,588,1046,734,1136,883,963,988,728,1076,1034,447,1054,448,671,535,725,479,429,663,488,540,591,770,581,627,1156,1013,493,425,685,1051,592,454,955,940,577,797,647,996,940,1094,589,1153,510,787,801,938,1006,679,813,1146,538,716,883,508,580,549,466,871
"32",633,601,1172,989,647,1071,1041,407,1099,559,709,1093,949,853,1100,714,501,750,498,925,1013,564,408,415,601,680,992,1092,648,864,682,434,763,466,900,926,488,876,1009,483,915,482,932,1041,534,461,417,1074,1083,1184,1197,961,922,695,436,808,948,1178,719,476,537,689,1135,831,687,743,497,619,464,855,822,481,868,814,559,1186,483,727,469,1036,414,569,686,974,792,889,563,1028,837,975,892,580,930,1019,1098,1164,428,884,699,1084
"33",746,605,945,1130,420,603,864,1032,481,1065,896,1127,406,589,547,761,723,879,1050,631,1063,696,438,589,783,911,1066,912,1161,659,1164,570,453,878,1109,452,1127,1032,517,972,756,711,1011,960,1131,405,643,425,1045,710,729,450,541,611,679,794,514,1130,1109,455,683,444,494,869,982,926,920,840,490,1151,532,801,1090,948,437,516,972,425,1115,624,1126,555,662,965,760,430,515,908,456,739,1117,1156,467,775,539,498,489,506,1087,513
"34",518,783,585,986,1103,940,913,410,976,1120,711,900,544,884,620,547,859,652,969,544,808,924,465,458,679,744,1073,856,898,627,1025,453,766,684,610,501,572,1073,872,1131,975,1035,959,944,649,784,506,517,514,876,1063,420,591,404,851,1095,464,982,549,532,941,525,462,635,836,720,814,519,912,1053,602,995,432,577,529,1181,515,503,492,883,1099,621,1073,858,1046,645,775,830,408,476,1007,798,968,515,756,1029,512,865,755,597
"35",902,1024,1195,520,948,462,1004,1011,788,556,648,646,901,981,990,1134,828,497,1003,670,599,905,639,894,530,618,596,636,718,495,681,661,685,650,649,455,557,782,1054,748,835,632,571,509,474,998,916,1048,497,1158,543,1185,790,517,751,1051,715,1099,1194,995,560,813,424,463,1028,957,677,947,485,988,944,768,857,1194,699,1124,417,463,432,1015,927,470,693,1186,788,1116,437,937,1115,625,1057,823,1021,448,643,484,490,1165,752,1142
"36",575,850,770,540,1101,494,917,802,738,696,495,683,1196,634,802,1192,835,600,1112,933,998,1106,882,668,455,673,510,1152,410,874,1168,458,1184,1163,1199,420,972,1045,458,546,811,688,1180,938,925,475,639,488,758,624,423,794,640,1025,570,987,467,945,1036,1067,1189,1098,982,696,810,865,732,510,802,1056,1133,1105,812,849,1031,480,641,436,654,1131,867,957,811,1163,891,704,634,510,507,539,595,605,821,645,618,976,455,616,1121,633
"37",865,672,759,580,685,945,661,515,669,639,786,464,711,1180,997,636,944,548,1096,488,592,1007,445,729,621,530,853,921,412,1190,791,863,450,1179,1065,1145,1171,420,629,624,712,878,1038,707,978,572,925,692,753,651,1072,1091,966,1071,965,468,812,890,698,449,580,1105,918,921,673,1038,1135,463,966,554,790,747,1044,935,1074,610,992,639,1059,1166,1048,535,915,1077,848,984,444,813,775,990,908,1043,879,780,616,965,998,615,622,589
"38",695,712,466,1168,487,597,628,835,640,724,1109,472,419,795,1025,731,493,1163,997,581,1185,1016,743,1062,898,1019,875,880,823,583,990,659,727,541,717,892,433,657,498,578,655,496,528,536,433,1125,867,556,1197,833,694,555,777,1190,934,967,1186,463,510,453,1055,570,1092,445,948,779,896,1089,1116,591,1129,735,405,1062,1015,1182,656,441,777,1056,470,557,632,839,608,989,977,648,725,823,1147,1140,952,1121,493,845,883,477,565,715
"39",1066,815,751,1029,706,532,984,442,889,574,797,574,836,737,687,878,868,754,586,1168,673,834,682,630,572,523,538,537,1183,660,757,622,1185,577,590,425,513,857,864,576,836,828,543,1004,962,914,1033,1031,538,884,966,859,1056,620,547,1184,1105,438,469,870,488,910,587,773,1043,480,793,1200,501,531,597,1097,864,1057,560,474,938,1193,857,808,784,1195,658,971,696,465,1162,791,1109,857,596,621,887,845,962,910,1034,1180,697,1160
"40",830,453,637,500,858,1185,604,411,592,1138,1137,568,447,444,833,722,1129,808,678,1132,1117,417,432,469,702,800,773,442,1126,512,620,442,758,480,423,994,508,653,1191,1143,529,588,779,762,857,412,711,1132,506,650,1086,842,428,1085,411,1035,951,1136,499,915,470,1146,642,669,797,519,1097,582,525,971,910,787,637,827,986,567,903,519,549,1007,520,1137,482,885,563,626,1159,534,1067,880,1185,954,724,1065,1136,584,630,574,645,953
"41",593,1131,482,759,945,708,1078,515,1058,973,939,865,922,708,927,501,647,728,487,961,612,907,446,440,992,410,955,468,828,422,612,572,588,731,1188,867,593,555,815,1064,712,855,1004,537,633,1154,669,531,1163,1131,720,594,446,928,1022,1096,511,1011,614,710,1005,654,1062,596,1198,1086,407,899,1028,1186,633,809,1001,527,448,878,429,438,1031,592,1116,547,699,842,950,788,1000,1013,415,902,706,1124,656,836,822,742,1119,963,415,1053
"42",692,638,1165,940,830,525,718,430,1063,1146,827,429,1071,408,746,956,725,642,555,423,652,422,541,1120,1052,857,904,675,627,939,806,921,943,800,771,476,481,428,430,1084,447,458,463,872,940,985,450,427,996,1153,1063,932,668,1193,569,855,652,1052,979,671,1022,885,686,504,404,540,667,1139,1124,795,1151,887,412,452,635,952,555,469,1178,458,727,1169,1116,400,435,720,588,493,1062,699,587,933,1118,839,643,799,538,699,1109,457
"43",550,959,969,779,1008,612,1197,1155,734,605,700,481,1108,1160,590,847,840,1198,479,574,595,487,1089,598,596,721,600,826,615,800,1118,445,1184,563,1073,1128,564,738,1046,1060,1152,727,447,559,856,1040,910,882,957,928,962,993,1196,1174,814,700,430,905,701,799,1051,1176,512,724,545,831,1153,428,1070,638,760,851,1067,688,875,821,1015,512,943,419,510,879,754,1000,951,460,414,415,715,665,976,784,429,911,644,554,763,1027,1008,824
"44",663,444,510,948,804,1080,1016,834,1008,1106,616,1160,820,1189,1200,1176,1004,492,1149,551,699,420,1099,535,546,1096,892,885,830,926,679,883,478,712,667,467,911,1113,750,1089,1132,430,755,1131,453,823,1163,958,825,498,511,1016,410,1060,684,629,703,1012,692,943,528,703,943,906,1109,929,497,934,640,584,690,755,1041,557,731,1013,1004,442,1186,772,1133,920,821,1018,559,757,950,1146,839,527,779,931,827,431,410,1014,484,1094,1070,619
"45",400,1194,925,738,1092,455,569,1078,447,793,1098,507,1196,1051,1134,1146,825,896,822,693,977,953,478,557,622,974,1146,1093,749,761,1182,686,813,1014,1166,765,706,940,567,542,1043,1057,857,976,1089,483,798,1030,842,733,534,1093,809,959,686,642,559,450,838,868,716,538,884,868,482,542,688,750,685,1118,702,565,402,556,980,638,1156,526,685,969,798,604,1115,1046,717,955,607,849,503,739,848,945,629,764,620,937,510,526,1130,1166
"46",946,662,909,929,1031,634,942,1189,941,668,573,514,694,1055,1079,577,686,483,575,871,1142,681,426,433,539,432,788,631,458,690,924,843,1132,1132,513,1199,463,875,858,485,431,527,1073,896,1181,891,773,698,504,1174,464,797,998,1123,951,434,973,848,529,1069,1080,981,770,968,681,1025,757,1078,1186,839,562,918,1153,1079,597,825,758,947,726,835,571,565,723,747,774,506,759,1068,1009,665,1148,965,1126,1069,1126,448,957,1137,808,444
"47",998,1048,984,884,438,1050,975,869,955,585,1060,839,848,788,1106,460,843,869,1005,774,884,986,779,751,474,494,945,997,563,1200,750,1116,582,952,717,456,1000,682,1012,690,834,1110,886,746,905,816,435,936,445,665,1054,974,585,1029,723,1010,805,1144,1159,1047,784,874,529,551,719,702,768,407,730,924,554,752,519,1070,631,1137,1166,657,964,475,563,815,595,596,764,586,690,945,636,674,486,816,724,1182,757,623,1175,930,446,576
"48",727,426,840,1010,760,923,422,840,544,622,472,643,502,1191,921,670,1121,452,480,823,851,762,833,988,564,1025,796,936,542,667,652,1125,853,1045,1150,1063,680,830,1025,795,968,933,972,834,791,1093,833,647,949,1167,1126,666,1012,1153,1121,492,738,609,845,645,944,701,1105,1066,532,571,735,700,431,998,1028,713,1104,1024,642,774,1068,540,763,417,586,729,932,1085,851,477,1166,738,867,870,727,497,1068,945,899,923,933,669,991,979
"49",1029,410,684,472,1196,634,932,1131,1175,715,677,950,577,1168,836,1033,732,774,924,1017,560,936,967,984,971,602,894,618,610,911,685,1078,755,1057,1031,439,705,867,513,750,876,525,884,596,735,997,1113,835,476,1168,416,675,893,507,984,831,888,828,1144,923,551,1159,1176,820,1092,889,1197,779,684,743,1095,1173,1121,1185,647,591,586,890,496,789,686,409,547,837,920,524,428,913,490,887,1083,404,628,860,1145,1183,1189,1013,877,760
"50",529,573,597,1091,1101,615,961,598,684,604,649,1048,443,848,654,509,722,908,851,1127,882,937,578,408,460,1140,800,641,445,506,941,627,704,1058,963,996,1128,933,765,1135,846,682,464,1008,1172,856,878,656,1174,1169,639,410,946,582,889,939,1161,930,456,739,762,1193,1123,897,484,665,1091,910,904,688,595,705,580,1057,1010,820,640,984,807,674,458,410,446,1028,1105,542,420,493,930,550,787,1120,590,1080,781,1067,1023,529,596,1010
"51",418,1037,487,637,592,926,1175,1104,1160,473,781,937,1112,1164,543,856,668,926,830,1162,650,1025,793,815,755,1172,584,820,1106,745,677,1022,1031,886,1185,711,780,569,1158,1001,443,947,705,616,410,566,816,1166,1097,943,802,645,415,478,883,707,662,898,565,909,731,556,742,640,1200,935,982,811,789,1177,417,461,683,473,645,421,930,1178,633,458,596,619,957,480,652,466,847,1137,602,635,415,673,560,487,1008,919,1102,943,566,874
"52",470,988,615,947,585,526,1189,1147,846,1049,1092,412,482,914,406,634,908,1036,662,721,1132,590,543,424,705,502,404,741,1131,1176,633,791,1077,1092,951,962,1162,524,864,571,612,1010,452,822,972,871,1061,596,1085,583,1154,1153,1115,905,454,1173,1177,1089,1041,1002,702,845,1159,438,1112,1129,1046,1148,1012,1117,893,928,525,776,403,748,1098,474,1077,513,803,1189,574,694,729,421,478,897,587,909,657,780,1049,645,571,1108,946,1118,1077,898
"53",856,433,885,951,732,565,847,701,767,956,1156,1012,1013,1030,1054,685,491,1059,999,1138,995,519,999,429,676,646,426,1171,423,613,1186,599,872,1121,615,1037,511,1059,1090,1076,1035,821,1095,735,963,544,1081,474,1101,710,767,872,619,1036,516,798,483,759,1136,907,406,434,466,1093,422,809,952,725,410,841,649,1123,702,711,826,782,898,855,840,940,495,585,740,941,1167,745,994,704,706,906,878,516,1024,1119,1127,856,1188,862,590,780
"54",973,516,538,1069,595,770,602,716,1082,522,993,889,960,793,712,776,737,883,406,572,788,460,616,1094,964,632,817,879,712,685,419,854,984,1193,499,1189,426,1093,785,1062,1121,784,720,822,873,744,761,704,1055,1091,730,689,903,1123,554,520,824,478,1034,978,878,911,650,670,576,523,1028,949,937,871,1154,870,1165,551,866,497,769,1075,935,733,827,1065,620,773,1148,825,885,1024,675,674,420,770,945,702,770,872,448,939,914,1159
"55",736,990,575,1153,514,419,604,425,727,534,839,1184,443,717,460,1193,625,1062,602,746,447,611,793,916,745,830,689,975,1066,737,859,658,838,1039,531,462,629,837,851,775,760,536,682,1196,614,899,702,1151,1102,841,1136,528,1155,573,1015,950,580,1188,795,712,813,969,871,1011,927,793,953,958,554,525,850,832,573,428,1007,1036,982,1114,669,587,977,1198,1128,492,1134,720,883,1152,1118,1175,633,813,436,789,1021,958,886,1099,687,629
"56",684,623,581,511,496,526,425,1087,965,1154,1194,638,411,547,475,410,541,1126,563,1176,1153,881,740,705,739,680,596,848,771,1084,720,647,1117,1192,1020,508,768,449,423,836,699,490,408,987,611,664,763,468,1189,653,508,492,1176,1154,599,1181,665,705,804,656,430,875,1057,519,648,720,554,1147,522,901,719,807,1164,517,433,635,1090,927,495,461,449,615,673,755,845,911,701,434,896,554,1149,641,938,1071,783,920,898,749,462,1178
"57",735,708,681,1147,653,980,472,630,1051,405,695,1126,624,848,1068,788,551,973,1091,400,1057,657,1015,988,1022,690,614,1041,1187,510,1179,822,426,908,644,638,717,529,452,990,1156,457,1055,545,976,1115,529,607,1039,799,1167,959,595,760,964,908,412,1125,923,690,1058,611,740,1152,937,501,1133,587,999,677,550,1124,1063,1084,843,679,947,721,1136,431,829,934,960,850,1126,1197,686,1182,471,1000,670,1148,837,523,774,984,1018,421,551,655
"58",878,901,637,1190,1011,1020,562,704,678,1097,1156,586,1060,420,957,1045,763,1167,929,1036,472,1003,686,914,663,907,830,1037,424,429,603,426,447,524,568,597,616,489,945,677,1058,604,760,1175,547,575,915,400,1116,574,1170,612,804,843,938,713,1184,1007,448,810,1106,796,719,1021,512,1111,724,551,541,670,873,655,772,1054,723,904,908,770,901,901,1107,1150,414,655,972,592,653,1114,986,811,730,1194,673,895,622,678,473,860,1192,1167
"59",463,433,563,858,1180,668,986,958,1121,838,935,700,793,590,769,545,544,1199,474,867,472,725,972,990,641,691,866,1000,911,718,609,417,581,922,652,568,1095,524,779,981,1164,999,932,473,847,798,401,576,724,674,570,611,824,638,903,831,626,562,1118,823,1106,496,1098,945,702,688,818,1086,1074,490,981,919,636,647,1008,1050,992,650,657,778,841,905,712,913,735,1009,1068,585,476,487,1066,482,1018,771,1022,794,1139,495,574,1022
"60",528,1165,1109,1080,997,1147,1171,1008,762,980,858,1137,772,856,935,703,616,955,554,779,951,826,925,1173,737,457,509,486,1005,779,751,1161,541,715,1056,783,542,533,801,994,645,440,554,968,1074,630,753,619,1150,435,1111,1191,995,876,918,1159,841,1055,801,573,427,1046,1138,692,1040,603,890,425,767,1041,723,1156,1105,460,483,687,1135,1039,1107,899,953,984,501,968,932,765,426,1121,715,597,882,818,614,1165,502,877,494,662,1084,1105
"61",797,825,521,548,791,626,963,725,681,598,1174,463,472,616,862,779,1142,703,782,1045,756,999,620,597,785,913,776,442,811,884,592,422,659,714,876,430,1143,568,970,744,864,1004,497,778,603,1160,624,747,958,685,1003,1137,524,1095,913,1065,842,927,1099,966,682,1066,1084,888,476,933,826,780,698,466,521,531,1018,748,651,690,633,809,1195,653,743,760,861,1092,957,896,879,1083,922,821,711,471,1185,901,462,790,693,687,1013,673
"62",945,1006,704,745,977,506,465,783,1044,735,440,1158,993,944,1177,1009,1180,659,623,768,838,946,1034,796,713,1165,1101,705,743,1122,893,1185,626,1053,713,462,690,595,795,990,899,867,903,604,468,635,403,981,1081,845,840,804,403,832,910,406,906,870,1055,1028,802,668,580,1181,930,745,568,859,955,553,576,1086,886,466,552,549,586,492,539,448,521,437,900,1120,506,1089,719,931,1030,480,1100,702,750,419,565,894,880,420,570,1127
"63",625,919,824,609,1170,425,443,595,586,478,918,1200,784,562,873,993,1146,1164,945,554,946,1065,739,472,672,991,504,946,700,771,689,954,820,882,422,667,939,795,850,1090,929,875,713,962,1130,417,840,1131,439,706,946,647,1193,1072,986,1198,555,814,1185,897,839,728,727,413,684,725,559,669,1053,969,1091,584,741,1009,1088,1013,1007,535,655,652,664,757,472,1027,606,470,1106,844,1042,689,846,439,1195,997,1197,1144,1070,578,939,474
"64",1171,607,1036,483,744,1095,805,652,882,1134,1118,1136,558,533,818,773,1142,928,672,974,1187,416,1082,519,958,632,1082,618,1155,1170,490,506,561,668,476,466,410,1088,1193,804,726,516,542,701,642,1104,880,971,1169,717,651,552,1073,1047,404,760,600,647,791,1026,814,675,1035,1119,942,972,740,773,584,1068,723,666,1158,999,994,1007,697,958,1059,907,1182,1110,1052,886,960,655,1078,731,647,654,983,471,483,1080,782,713,665,808,1180,409
"65",644,430,702,545,453,909,536,803,1149,595,415,986,540,964,893,1064,944,540,868,692,782,480,983,443,501,860,888,1036,1043,1037,699,1081,904,443,904,522,1014,959,829,671,912,468,1180,1042,484,977,577,1126,964,473,739,457,446,535,1059,503,671,1040,546,508,1040,877,546,601,461,650,676,1144,827,447,585,929,551,766,1037,927,912,693,519,489,1165,714,414,445,635,500,1195,1194,1043,1001,680,585,485,775,1028,619,1023,536,1078,844
"66",652,889,1075,630,960,517,1029,492,1096,1022,726,1144,490,834,1077,726,558,669,556,778,759,859,1108,1150,897,849,501,1064,1079,733,691,1042,1039,1156,413,803,698,1060,959,1026,457,771,1053,1028,869,811,705,943,450,988,803,675,687,999,464,638,877,643,785,758,1055,1009,903,925,708,1151,781,638,1047,767,1137,1173,805,415,400,836,1152,1128,444,1165,689,971,960,1038,1122,663,815,1026,881,1126,894,897,837,1023,590,762,891,1074,793,564
"67",722,602,719,1193,631,704,788,691,730,664,788,700,599,919,1071,1136,700,946,1084,1081,530,1162,490,622,700,754,790,424,672,922,732,840,959,758,896,427,1069,1094,1187,511,891,1155,479,1161,770,820,518,683,508,849,957,1187,1089,796,1022,488,441,941,582,1027,643,999,1199,535,751,809,934,725,661,407,1200,726,403,948,472,726,1150,759,462,597,874,669,1055,425,802,1181,1017,431,662,583,635,976,1163,402,864,715,1136,945,1124,695
"68",1122,647,579,473,527,906,494,576,465,585,799,656,696,1156,917,835,592,943,927,996,789,1138,947,864,872,461,969,816,1058,810,789,449,774,754,784,1193,986,842,935,872,889,869,979,434,847,404,1184,847,889,1012,1192,736,1192,508,608,682,878,659,759,992,588,1000,674,758,909,842,1120,853,680,999,1113,818,669,1047,561,798,1057,1120,628,808,622,712,1112,1170,1074,524,411,686,1119,725,1004,631,822,432,510,439,1054,659,1117,513
"69",901,684,1023,690,487,859,1082,489,563,814,401,743,708,676,861,569,435,902,1049,518,1104,731,1100,642,478,773,411,1129,735,1049,860,818,908,580,620,860,419,633,1123,933,1085,906,748,901,1114,481,635,911,785,491,870,721,547,933,1053,643,645,927,743,1166,645,492,694,586,1123,1056,1058,1147,540,686,1083,1078,972,1139,1146,1078,1021,476,456,632,496,1126,974,1169,1139,778,1106,1153,410,901,505,523,1103,1150,1142,914,1142,850,548,1065
"70",1187,736,415,583,670,788,1018,449,438,1161,1048,489,607,1083,656,494,893,826,867,807,898,1102,1095,871,651,495,1031,1198,897,943,516,546,896,1064,695,852,1174,623,919,856,579,1188,596,477,839,1121,1142,874,932,621,737,613,615,727,436,644,459,723,1167,1197,505,882,867,1011,1002,676,1175,959,573,588,856,1103,838,979,776,662,522,670,936,493,1018,969,824,612,793,956,517,857,869,840,805,618,625,1051,456,852,833,1151,994,620
"71",472,873,693,961,657,729,724,601,857,1181,557,1025,470,553,645,562,1077,756,924,1190,916,1143,859,802,851,568,1175,506,1162,860,720,650,787,1131,948,690,928,490,1060,640,886,1197,779,971,455,705,778,1034,1088,887,604,582,429,771,859,859,452,852,770,403,598,1108,1077,688,1077,1080,411,1025,891,1091,611,772,596,999,1024,984,612,427,750,1174,829,1060,604,1075,1044,817,582,638,871,1069,1033,901,504,1121,497,831,1166,989,588,1153
"72",509,1110,424,1165,771,1073,493,709,1072,797,568,1106,504,1073,515,1053,572,615,1180,1058,790,965,753,953,618,1182,527,626,1193,871,864,615,693,1027,653,1149,626,1033,614,1147,581,1073,853,1100,548,1044,675,434,918,418,918,913,1074,634,720,646,1068,1091,644,1111,726,857,624,596,502,1044,1107,905,1047,1140,531,535,868,1093,1005,974,982,624,701,750,461,862,419,671,800,911,523,622,705,544,1029,1093,629,792,940,548,564,830,870,822
"73",935,577,847,1148,1160,1145,717,974,475,574,662,552,559,762,837,1018,1033,453,943,846,1032,1041,876,458,465,678,472,1079,903,656,457,1161,793,406,788,424,966,841,1027,931,749,885,1123,997,690,590,600,996,916,917,1082,1183,948,980,1017,814,537,507,624,934,1068,636,937,832,1195,749,515,628,868,1069,587,914,878,1001,422,1195,1093,573,918,927,1113,1115,707,572,665,1017,895,982,908,1135,1011,751,914,400,863,588,1003,1008,1189,967
"74",447,872,1112,687,434,758,732,556,863,465,1116,600,1065,427,447,1133,754,504,855,541,876,1179,926,508,960,965,699,933,418,1087,877,913,930,814,869,1124,937,1131,551,788,645,845,685,599,434,831,535,1021,429,762,827,427,470,920,1004,503,1105,630,605,843,635,708,762,1081,1030,723,921,1026,402,679,544,476,854,913,446,983,1015,407,1061,512,1178,687,736,725,1187,539,463,886,871,490,711,862,417,453,619,720,1179,672,762,1174
"75",501,573,739,547,503,575,661,446,799,486,627,840,621,710,810,524,885,428,685,624,895,806,713,1141,1073,444,589,673,628,659,504,964,1086,438,967,498,1179,830,1016,507,998,585,654,732,566,997,936,1095,408,406,1172,659,1191,1017,552,981,1088,684,1022,1148,813,1161,765,692,605,638,677,429,860,1032,750,1061,630,1156,832,1124,1064,738,408,543,910,517,1020,552,1061,523,471,784,691,920,499,605,989,469,586,802,854,540,734,1119
"76",997,1036,825,721,759,530,665,504,1176,1079,958,1125,618,404,509,1133,706,1096,727,937,1148,1186,911,1008,1125,1096,1179,467,739,1039,1103,1134,631,494,1139,1160,602,414,1078,733,912,960,440,630,612,665,1135,793,1036,427,875,1166,428,1134,573,682,541,544,1079,1071,1116,687,820,878,891,540,843,459,1193,533,524,822,481,564,473,613,1158,613,1046,975,491,661,979,1006,424,1176,474,498,772,722,1050,624,557,1020,513,519,419,759,930,480
"77",601,551,834,1173,701,622,749,953,431,1045,560,816,1085,992,451,890,577,958,1060,818,915,579,1143,920,640,487,585,644,999,580,705,947,846,892,955,929,1125,680,1048,999,1088,413,862,911,767,488,485,965,576,827,736,898,689,848,900,1145,864,732,720,1030,1040,931,733,585,950,970,1039,1048,716,733,980,698,705,1044,1073,525,493,790,1081,488,966,1000,657,745,1042,430,681,879,641,662,890,964,459,464,447,459,523,658,677,524
"78",573,451,1188,717,891,567,453,469,556,1193,938,485,474,976,1155,685,599,694,456,457,553,866,1019,652,1107,737,1015,1105,459,959,1116,973,1099,913,815,940,959,986,818,1050,470,637,580,910,849,1168,569,698,1187,650,784,1034,990,727,865,1101,983,547,649,649,949,1084,999,724,890,1107,1143,895,742,470,571,409,967,557,543,864,661,940,875,1081,889,1031,880,910,1062,896,1046,910,843,491,950,696,1173,987,1040,1120,884,797,831,1040
"79",802,738,892,1026,670,948,748,978,1124,1007,877,495,773,1198,602,1057,875,981,578,949,518,954,1163,817,787,516,773,931,409,1076,793,702,887,1193,1027,998,458,1074,511,994,825,903,1106,1025,734,1075,600,684,407,549,570,573,1051,474,705,1082,438,1065,793,757,969,570,656,640,453,842,986,789,756,635,927,468,886,1122,727,937,1095,1031,752,813,1157,405,686,769,703,1090,663,909,1199,1124,533,420,1190,534,933,563,576,542,893,1056
"80",822,662,645,489,736,933,1134,530,483,1166,1200,798,1126,975,654,683,447,1096,732,450,470,918,819,946,820,927,982,893,1017,1101,972,848,903,520,497,1129,602,718,954,761,978,712,1038,627,518,1088,839,668,410,844,753,902,775,588,1116,966,654,1004,878,470,542,914,463,684,834,688,911,831,1055,617,1177,817,480,893,690,1120,522,740,567,476,442,681,905,574,1011,534,406,1016,693,867,461,964,1065,736,675,673,1200,999,825,591
"81",762,956,969,550,784,701,850,985,1090,935,566,471,748,1051,1057,584,1066,438,593,861,510,1076,793,585,837,581,1048,834,710,444,759,665,1157,627,1164,986,1200,1049,1141,400,680,1061,541,1070,860,523,1050,688,744,772,728,879,1095,834,565,413,755,1056,716,694,952,555,853,1051,450,688,632,808,916,590,620,1094,772,472,1107,812,945,941,966,1172,739,561,837,831,776,1097,1046,519,899,565,750,1109,990,662,1046,488,1156,1020,1142,518
"82",436,400,951,862,907,1169,934,493,966,555,1080,1166,945,646,1142,792,1015,585,822,779,821,573,523,505,791,716,561,1103,637,610,586,1177,776,900,844,454,1029,667,1128,527,705,635,1026,790,1174,576,913,697,985,692,695,1072,1106,652,894,541,969,1147,849,1078,1190,429,712,943,576,865,700,891,949,1156,1156,981,892,710,1104,1137,1002,1004,622,854,615,987,1197,413,877,442,777,556,578,674,482,1160,1072,698,518,454,1047,503,527,886
"83",789,461,1143,787,992,1092,705,880,941,415,670,1041,1038,697,1142,1195,1074,422,748,1048,606,1176,563,1054,942,1158,709,935,735,828,977,786,673,1175,500,566,1191,654,493,1163,479,831,676,669,736,1034,994,1152,570,550,1039,525,930,1009,820,586,604,954,859,829,673,571,930,737,779,507,577,902,1199,471,921,907,645,510,898,679,1081,1080,851,597,786,1113,600,450,654,1109,591,790,1114,683,502,634,600,411,941,1057,627,641,595,808
"84",729,434,562,785,511,875,546,848,498,554,1102,540,1149,592,952,1115,1083,689,442,403,509,1055,992,884,1005,921,787,479,724,1170,550,625,915,1116,487,518,524,440,796,992,619,921,838,410,1062,1128,668,541,935,936,729,660,1111,404,983,1054,774,1114,509,554,477,1013,468,1057,853,1028,915,946,819,879,1113,1105,488,636,999,493,775,637,1037,557,708,1025,861,1173,1188,424,511,522,566,1068,1043,956,709,1035,1147,703,771,914,765,979
"85",666,954,428,1199,665,1099,1185,631,509,921,821,538,888,1186,1046,1200,885,676,704,887,950,434,883,528,683,590,605,985,632,1077,814,938,477,879,770,1114,592,887,854,1099,482,618,946,1132,612,1105,641,693,1092,638,604,855,671,1140,1080,1052,770,1007,946,1098,1183,1155,1180,996,757,938,1144,845,781,817,492,415,490,685,1195,1128,733,1026,620,855,1162,815,468,751,605,826,913,525,670,803,798,495,942,952,1182,982,1150,625,429,684
"86",1010,778,433,1015,430,743,969,1063,662,818,1146,1162,660,1186,1172,969,696,519,1077,817,1096,1123,690,699,1126,620,1012,690,1115,874,1031,1061,446,657,673,823,1075,1120,812,1184,953,907,753,439,1113,447,1011,972,628,1102,878,608,952,1194,477,929,1030,1105,683,1092,830,743,433,829,1116,709,1098,814,941,996,1130,925,792,1127,811,622,854,1063,725,1037,1080,452,557,876,1127,987,759,442,795,863,1146,630,797,868,542,711,652,1002,902,1097
"87",926,634,571,1131,1098,1075,754,648,1066,797,817,1083,629,604,1062,1075,689,520,1153,605,976,654,894,898,761,982,487,521,928,529,971,594,442,913,647,793,1179,1062,990,1016,623,581,1003,576,458,460,1173,653,556,1128,1068,743,734,1083,454,1113,999,681,1040,498,748,521,851,945,932,1197,901,571,761,641,679,1190,431,747,1088,544,854,1019,538,817,982,1084,721,685,1198,712,953,1135,1154,601,1119,814,657,585,868,1072,675,411,418,528
"88",644,904,1199,531,772,904,783,480,1048,909,490,1164,1188,987,724,1115,1165,695,518,991,471,1022,1118,985,928,972,890,461,1045,620,629,1077,628,865,475,1109,772,775,492,970,1093,772,1160,683,824,466,1021,771,924,1105,1037,1010,899,874,851,1046,887,484,1031,497,653,996,948,772,853,697,542,703,861,1064,812,1196,787,1168,1111,474,729,557,730,699,706,487,558,1183,1088,757,951,829,796,956,1189,1189,1036,560,1185,860,422,491,973,1152
"89",576,500,570,637,597,400,950,1026,1124,837,548,907,840,429,1098,957,876,935,858,1189,895,794,658,673,532,478,510,1094,975,1019,743,1017,909,1058,726,1128,875,1111,447,1101,813,888,442,857,743,941,1110,421,432,445,529,401,485,408,871,614,640,950,501,629,506,1042,1181,573,764,531,881,1126,602,563,932,1048,1062,1108,542,912,884,673,417,579,530,776,723,985,646,841,715,904,1070,1119,644,900,1160,462,943,483,1054,768,1071,425
"90",760,1171,1184,903,664,830,863,899,1061,1189,777,466,951,523,1026,1049,718,1018,567,716,431,432,638,1161,822,843,1158,1138,723,786,840,667,425,485,961,430,442,825,1032,740,627,1002,549,1108,850,720,777,1198,907,548,1039,796,527,704,760,811,985,1089,831,952,841,1161,1003,812,600,517,623,458,657,1177,1188,561,619,735,615,950,956,1037,812,730,1143,734,920,964,599,1004,851,657,887,658,594,1078,641,492,427,800,804,856,1106,508
"91",942,968,857,792,1136,1164,1053,1015,1058,762,794,744,510,779,520,1101,550,739,685,1088,974,1175,668,957,719,630,518,653,1042,772,934,872,1122,1071,1079,1077,758,941,491,781,1141,922,492,431,969,965,882,507,672,461,652,926,785,998,465,1042,964,865,568,680,1181,583,540,832,1156,583,687,410,880,1044,896,516,515,860,1145,1088,822,403,557,980,425,1113,1009,561,753,804,465,899,1071,865,513,975,698,454,881,505,595,1131,701,500
"92",417,1071,462,775,531,963,899,1005,843,1150,465,457,405,885,1067,899,947,422,600,545,938,1078,658,429,451,585,1011,536,468,472,435,934,423,1116,711,930,1147,632,1077,1139,1175,580,1160,487,578,551,866,630,1065,795,1019,718,892,754,700,498,856,659,705,1020,522,633,576,456,950,610,427,1182,1109,541,758,873,456,818,878,400,1046,1156,768,808,533,654,1005,548,788,1129,452,1032,592,552,544,909,989,782,1036,880,508,1136,957,823
"93",527,1015,670,1156,950,1003,1020,690,934,710,698,477,454,678,485,782,657,714,686,1087,773,534,425,725,769,1159,753,795,878,880,1067,667,1200,638,686,930,744,561,819,677,530,984,993,1181,615,1191,903,1163,626,437,619,747,1117,855,726,993,562,1030,750,781,554,1200,583,909,1180,1115,747,963,955,799,755,879,808,775,1107,832,1007,1000,819,876,443,737,1004,447,747,400,843,599,751,1022,452,1020,739,1081,1186,521,1116,770,1195,974
"94",912,1013,532,1039,932,431,476,1100,1152,781,655,1155,968,763,680,1050,488,1093,662,456,1069,463,933,1199,428,474,444,750,1003,1185,1135,535,773,906,583,587,554,958,1168,880,603,435,906,854,696,1109,959,1120,541,919,866,448,1039,406,486,598,1014,471,1050,870,571,1181,428,533,866,590,1017,508,723,969,970,1173,808,1012,461,687,457,879,658,585,662,1035,748,709,1170,889,1097,414,1152,698,698,756,928,608,889,638,1195,971,557,598
"95",1077,640,659,668,438,645,563,1118,695,648,771,544,642,1081,702,659,700,793,880,723,1087,1129,1173,1056,685,899,747,508,1185,503,1023,716,1021,843,1198,494,748,666,1175,693,685,889,729,1191,1183,680,648,610,950,1037,655,610,418,1058,467,507,1024,997,640,1027,609,744,590,998,859,697,750,737,594,777,961,1026,520,767,577,501,957,743,806,764,805,1090,967,776,1053,974,776,736,1197,673,512,408,871,997,948,475,618,726,557,829
"96",1152,1038,1068,1188,868,564,468,706,767,1031,1004,1139,701,643,1021,455,1076,1154,812,756,1016,820,700,842,985,945,1159,529,758,704,568,769,664,897,764,800,772,990,743,875,689,805,1124,463,781,505,532,621,1094,478,857,687,596,983,698,977,862,1128,1196,641,1079,576,835,856,767,578,465,609,1134,1172,611,1007,426,1004,572,791,627,665,556,973,982,978,750,536,1005,639,952,518,422,1012,771,1102,1047,631,1007,733,730,1078,562,482
"97",1161,945,400,1001,1178,557,1116,572,526,1054,528,666,1113,877,967,936,1091,884,721,711,774,1188,734,866,887,798,976,662,818,640,867,1124,1147,663,985,503,689,1029,757,914,1013,846,663,600,1065,556,878,995,908,527,1147,1117,861,956,868,438,1076,414,759,559,760,856,854,1134,888,730,863,933,648,760,947,817,797,1159,1048,604,401,584,734,493,694,1107,992,854,801,1187,742,524,876,476,771,419,577,1160,605,871,1144,1171,1143,406
"98",597,594,655,793,1070,1093,1035,1147,617,1047,782,1185,791,1024,827,433,706,1041,1142,727,1114,841,859,443,870,1044,763,473,1092,443,640,1073,1122,524,886,839,1099,478,581,879,760,788,778,770,471,1141,757,599,508,950,929,873,485,1160,1048,1170,671,1073,970,487,718,1014,592,555,583,896,1022,425,401,726,779,452,641,457,799,872,444,726,1012,931,474,884,969,816,1099,993,1133,804,785,1035,950,1189,524,805,980,1166,775,565,570,1054
"99",926,1042,761,1071,603,785,669,723,560,772,738,862,1082,721,438,992,932,799,774,644,1167,1038,590,1175,897,758,817,1173,614,724,765,605,504,477,1018,763,515,988,1169,674,1048,697,545,1041,1192,530,699,615,1132,1107,408,1060,807,448,491,915,550,754,1037,1063,839,752,967,990,538,439,1187,550,750,469,593,746,824,443,463,616,988,818,1188,930,1100,652,931,945,560,804,978,992,1005,496,638,656,1140,505,986,1115,873,776,798,1074
"100",791,438,982,642,1029,676,540,722,910,1050,477,828,483,1120,787,733,675,823,729,1165,550,584,763,1155,544,520,1082,1143,811,689,646,888,1042,1193,644,975,1003,1002,1006,1131,405,585,476,706,558,760,982,823,1104,931,494,747,556,510,688,1168,531,1199,1037,891,564,1128,416,952,1059,807,1047,706,973,999,481,1192,1093,408,451,791,1027,989,742,450,718,403,975,578,602,634,1004,1113,721,1153,845,1007,575,760,708,418,529,680,655,1119
